[
  {
    "line": 1,
    "elements": [
      {
        "line": 4,
        "name": "Validate My Tasks Button on Home Page",
        "description": "",
        "id": "features-for-qa-test-avenuecode;validate-my-tasks-button-on-home-page",
        "type": "scenario",
        "keyword": "Scenario",
        "steps": [
          {
            "result": {
              "status": "undefined"
            },
            "line": 5,
            "name": "user opens browser",
            "match": {},
            "keyword": "Given "
          },
          {
            "result": {
              "status": "undefined"
            },
            "line": 6,
            "name": "user is on Home page",
            "match": {},
            "keyword": "And "
          },
          {
            "result": {
              "status": "undefined"
            },
            "line": 7,
            "name": "Validate My Tasks Button on Home page",
            "match": {},
            "keyword": "Then "
          },
          {
            "result": {
              "status": "undefined"
            },
            "line": 8,
            "name": "close the browser",
            "match": {},
            "keyword": "Then "
          }
        ]
      },
      {
        "line": 10,
        "name": "Validate My Tasks Button on SignIn Page",
        "description": "",
        "id": "features-for-qa-test-avenuecode;validate-my-tasks-button-on-signin-page",
        "type": "scenario",
        "keyword": "Scenario",
        "steps": [
          {
            "result": {
              "status": "undefined"
            },
            "line": 11,
            "name": "user opens browser",
            "match": {},
            "keyword": "Given "
          },
          {
            "result": {
              "status": "undefined"
            },
            "line": 12,
            "name": "user is on Home page",
            "match": {},
            "keyword": "And "
          },
          {
            "result": {
              "status": "undefined"
            },
            "line": 13,
            "name": "user clicks on SignIn button",
            "match": {},
            "keyword": "And "
          },
          {
            "result": {
              "status": "undefined"
            },
            "line": 14,
            "name": "SignIn page is displayed",
            "match": {},
            "keyword": "And "
          },
          {
            "result": {
              "status": "undefined"
            },
            "line": 15,
            "name": "Validate My Tasks Button on SignIn page",
            "match": {},
            "keyword": "Then "
          },
          {
            "result": {
              "status": "undefined"
            },
            "line": 16,
            "name": "close the browser",
            "match": {},
            "keyword": "Then "
          }
        ]
      },
      {
        "line": 18,
        "name": "Validate My Tasks Button on Home page after SignIn",
        "description": "",
        "id": "features-for-qa-test-avenuecode;validate-my-tasks-button-on-home-page-after-signin",
        "type": "scenario",
        "keyword": "Scenario",
        "steps": [
          {
            "result": {
              "status": "undefined"
            },
            "line": 19,
            "name": "user opens browser",
            "match": {},
            "keyword": "Given "
          },
          {
            "result": {
              "status": "undefined"
            },
            "line": 20,
            "name": "user is on Home page",
            "match": {},
            "keyword": "And "
          },
          {
            "result": {
              "status": "undefined"
            },
            "line": 21,
            "name": "user clicks on SignIn button",
            "match": {},
            "keyword": "And "
          },
          {
            "result": {
              "status": "undefined"
            },
            "line": 22,
            "name": "SignIn page is displayed",
            "match": {},
            "keyword": "And "
          },
          {
            "result": {
              "status": "undefined"
            },
            "line": 23,
            "name": "user logs into the application",
            "match": {},
            "keyword": "And "
          },
          {
            "result": {
              "status": "undefined"
            },
            "line": 24,
            "name": "user is logged in and on home page",
            "match": {},
            "keyword": "And "
          },
          {
            "result": {
              "status": "undefined"
            },
            "line": 25,
            "name": "Validate My Tasks Button on Home page",
            "match": {},
            "keyword": "And "
          },
          {
            "result": {
              "status": "undefined"
            },
            "line": 26,
            "name": "user clicks on My Tasks button present on Home page",
            "match": {},
            "keyword": "And "
          },
          {
            "result": {
              "status": "undefined"
            },
            "line": 27,
            "name": "My Tasks Page is displayed",
            "match": {},
            "keyword": "Then "
          },
          {
            "result": {
              "status": "undefined"
            },
            "line": 28,
            "name": "close the browser",
            "match": {},
            "keyword": "Then "
          }
        ]
      },
      {
        "line": 30,
        "name": "Validate My Tasks Button on SignUp Page",
        "description": "",
        "id": "features-for-qa-test-avenuecode;validate-my-tasks-button-on-signup-page",
        "type": "scenario",
        "keyword": "Scenario",
        "steps": [
          {
            "result": {
              "status": "undefined"
            },
            "line": 31,
            "name": "user opens browser",
            "match": {},
            "keyword": "Given "
          },
          {
            "result": {
              "status": "undefined"
            },
            "line": 32,
            "name": "user is on Home page",
            "match": {},
            "keyword": "And "
          },
          {
            "result": {
              "status": "undefined"
            },
            "line": 33,
            "name": "user clicks on SignUp button",
            "match": {},
            "keyword": "And "
          },
          {
            "result": {
              "status": "undefined"
            },
            "line": 34,
            "name": "Validate My Tasks Button on SignUp page",
            "match": {},
            "keyword": "And "
          },
          {
            "result": {
              "status": "undefined"
            },
            "line": 35,
            "name": "close the browser",
            "match": {},
            "keyword": "Then "
          }
        ]
      },
      {
        "line": 37,
        "name": "Validate display message for logged in user on My Tasks page",
        "description": "",
        "id": "features-for-qa-test-avenuecode;validate-display-message-for-logged-in-user-on-my-tasks-page",
        "type": "scenario",
        "keyword": "Scenario",
        "steps": [
          {
            "result": {
              "status": "undefined"
            },
            "line": 38,
            "name": "user opens browser",
            "match": {},
            "keyword": "Given "
          },
          {
            "result": {
              "status": "undefined"
            },
            "line": 39,
            "name": "user is on Home page",
            "match": {},
            "keyword": "And "
          },
          {
            "result": {
              "status": "undefined"
            },
            "line": 40,
            "name": "user clicks on SignIn button",
            "match": {},
            "keyword": "And "
          },
          {
            "result": {
              "status": "undefined"
            },
            "line": 41,
            "name": "SignIn page is displayed",
            "match": {},
            "keyword": "And "
          },
          {
            "result": {
              "status": "undefined"
            },
            "line": 42,
            "name": "user logs into the application",
            "match": {},
            "keyword": "And "
          },
          {
            "result": {
              "status": "undefined"
            },
            "line": 43,
            "name": "user is logged in and on home page",
            "match": {},
            "keyword": "And "
          },
          {
            "result": {
              "status": "undefined"
            },
            "line": 44,
            "name": "Validate My Tasks Button on Home page",
            "match": {},
            "keyword": "And "
          },
          {
            "result": {
              "status": "undefined"
            },
            "line": 45,
            "name": "user clicks on My Tasks button present on Home page",
            "match": {},
            "keyword": "And "
          },
          {
            "result": {
              "status": "undefined"
            },
            "line": 46,
            "name": "My Tasks Page is displayed",
            "match": {},
            "keyword": "Then "
          },
          {
            "result": {
              "status": "undefined"
            },
            "line": 47,
            "name": "close the browser",
            "match": {},
            "keyword": "Then "
          }
        ]
      }
    ],
    "name": "Features for QA-Test-AvenueCode",
    "description": "This feature deals with all the features of the application",
    "id": "features-for-qa-test-avenuecode",
    "keyword": "Feature",
    "uri": "Login.feature"
  }
]